{"train/loss": 0.4418, "train/learning_rate": 2.6548672566371683e-06, "train/epoch": 2.98, "train/global_step": 126, "_timestamp": 1691518417.9573271, "_runtime": 522.1563851833344, "_step": 15, "eval/loss": 0.44845694303512573, "eval/accuracy": 0.797037037037037, "eval/runtime": 17.8205, "eval/samples_per_second": 37.878, "eval/steps_per_second": 2.413, "train/train_runtime": 509.4685, "train/train_samples_per_second": 15.875, "train/train_steps_per_second": 0.247, "train/total_flos": 6.236555324182364e+17, "train/train_loss": 0.4858880080874004}