{"train/loss": 0.429, "train/learning_rate": 2.6548672566371683e-06, "train/epoch": 2.98, "train/global_step": 126, "_timestamp": 1691517635.322507, "_runtime": 503.1003119945526, "_step": 15, "eval/loss": 0.4460558593273163, "eval/accuracy": 0.7985185185185185, "eval/runtime": 17.8781, "eval/samples_per_second": 37.756, "eval/steps_per_second": 2.405, "train/train_runtime": 494.9929, "train/train_samples_per_second": 16.34, "train/train_steps_per_second": 0.255, "train/total_flos": 6.236555324182364e+17, "train/train_loss": 0.4866611692640517, "_wandb": {"runtime": 501}}